{"cameraMode":{"drawMode":0,"name":"Shaded","section":"Shading Mode"},"sceneLighting":false,"audioPlay":false,"sceneViewState":{"showFog":true,"showMaterialUpdate":false,"showSkybox":false,"showFlares":true,"showImageEffects":true,"showParticleSystems":true},"in2DMode":false,"pivot":{"x":-2.057380199432373,"y":4.928130149841309,"z":-6.860317230224609},"rotation":{"x":-0.044084977358579639,"y":0.22929707169532777,"z":-0.010397300124168396,"w":-0.9723031520843506},"size":3.035031795501709,"orthographic":false}