{"cameraMode":{"drawMode":0,"name":"Shaded","section":"Shading Mode"},"sceneLighting":true,"audioPlay":false,"sceneViewState":{"showFog":true,"showMaterialUpdate":false,"showSkybox":true,"showFlares":true,"showImageEffects":true,"showParticleSystems":true},"in2DMode":false,"pivot":{"x":-211.227783203125,"y":285.85662841796877,"z":-41.0},"rotation":{"x":-0.3072456121444702,"y":0.009131364524364472,"z":-0.0029509735759347679,"w":-0.9515893459320068},"size":3.470151901245117,"orthographic":false}