{"cameraMode":{"drawMode":0,"name":"Shaded","section":"Shading Mode"},"sceneLighting":true,"audioPlay":false,"sceneViewState":{"showFog":true,"showMaterialUpdate":false,"showSkybox":true,"showFlares":true,"showImageEffects":true,"showParticleSystems":true},"in2DMode":false,"pivot":{"x":-0.1331462562084198,"y":0.9797396063804627,"z":0.25580382347106936},"rotation":{"x":0.10061849653720856,"y":-0.025397567078471185,"z":0.0023716550786048176,"w":0.9946771860122681},"size":2.088566303253174,"orthographic":false}