{"cameraMode":{"drawMode":0,"name":"Shaded","section":"Shading Mode"},"sceneLighting":true,"audioPlay":false,"sceneViewState":{"showFog":true,"showMaterialUpdate":false,"showSkybox":true,"showFlares":true,"showImageEffects":true,"showParticleSystems":true},"in2DMode":false,"pivot":{"x":-0.08864425122737885,"y":0.46967142820358279,"z":0.11967587471008301},"rotation":{"x":0.12895648181438447,"y":-0.007471448741853237,"z":0.0007720586727373302,"w":0.9917002320289612},"size":1.1885664463043213,"orthographic":false}