{"cameraMode":{"drawMode":0,"name":"Shaded","section":"Shading Mode"},"sceneLighting":true,"audioPlay":false,"sceneViewState":{"showFog":true,"showMaterialUpdate":false,"showSkybox":true,"showFlares":true,"showImageEffects":true,"showParticleSystems":true},"in2DMode":false,"pivot":{"x":-0.0012060962617397309,"y":0.6220918893814087,"z":0.13570261001586915},"rotation":{"x":0.09168008714914322,"y":0.010430339723825455,"z":-0.0011577379191294313,"w":0.9958115816116333},"size":1.1885664463043213,"orthographic":false}