{"cameraMode":{"drawMode":0,"name":"Shaded","section":"Shading Mode"},"sceneLighting":true,"audioPlay":false,"sceneViewState":{"showFog":true,"showMaterialUpdate":false,"showSkybox":true,"showFlares":true,"showImageEffects":true,"showParticleSystems":true},"in2DMode":false,"pivot":{"x":344.58990478515627,"y":349.0536804199219,"z":-117.60226440429688},"rotation":{"x":0.09168008714914322,"y":0.010430339723825455,"z":-0.0011577379191294313,"w":0.9958115816116333},"size":252.32176208496095,"orthographic":false}