{"cameraMode":{"drawMode":0,"name":"Shaded","section":"Shading Mode"},"sceneLighting":true,"audioPlay":false,"sceneViewState":{"showFog":true,"showMaterialUpdate":false,"showSkybox":true,"showFlares":true,"showImageEffects":true,"showParticleSystems":true},"in2DMode":false,"pivot":{"x":-0.3972458839416504,"y":0.10727190971374512,"z":2.789046049118042},"rotation":{"x":-0.2458566576242447,"y":0.19666391611099244,"z":-0.0510164350271225,"w":-0.9477754831314087},"size":1.3012802600860596,"orthographic":false}