{"cameraMode":{"drawMode":0,"name":"Shaded","section":"Shading Mode"},"sceneLighting":true,"audioPlay":false,"sceneViewState":{"showFog":true,"showMaterialUpdate":false,"showSkybox":true,"showFlares":true,"showImageEffects":true,"showParticleSystems":true},"in2DMode":false,"pivot":{"x":-0.06606197357177735,"y":0.42259228229522707,"z":0.6150851845741272},"rotation":{"x":0.3623140752315521,"y":-0.01818925142288208,"z":0.00704871816560626,"w":0.9318900108337402},"size":0.7900294661521912,"orthographic":false}