{"cameraMode":{"drawMode":0,"name":"Shaded","section":"Shading Mode"},"sceneLighting":false,"audioPlay":false,"sceneViewState":{"showFog":true,"showMaterialUpdate":false,"showSkybox":false,"showFlares":true,"showImageEffects":true,"showParticleSystems":true},"in2DMode":false,"pivot":{"x":0.0,"y":2.740997314453125,"z":4.730000019073486},"rotation":{"x":0.17612600326538087,"y":-0.05313250049948692,"z":0.009521896950900555,"w":0.9828925132751465},"size":0.8677670359611511,"orthographic":false}