{"cameraMode":{"drawMode":0,"name":"Shaded","section":"Shading Mode"},"sceneLighting":true,"audioPlay":false,"sceneViewState":{"showFog":true,"showMaterialUpdate":false,"showSkybox":true,"showFlares":true,"showImageEffects":true,"showParticleSystems":true},"in2DMode":false,"pivot":{"x":0.005082033574581146,"y":0.4278794527053833,"z":0.46926069259643557},"rotation":{"x":0.28577953577041628,"y":-0.0028873314149677755,"z":0.000841334811411798,"w":0.9583317637443543},"size":1.7885663509368897,"orthographic":false}