{"cameraMode":{"drawMode":0,"name":"Shaded","section":"Shading Mode"},"sceneLighting":true,"audioPlay":false,"sceneViewState":{"showFog":true,"showMaterialUpdate":false,"showSkybox":true,"showFlares":true,"showImageEffects":true,"showParticleSystems":true},"in2DMode":false,"pivot":{"x":0.008982090279459954,"y":0.5404788255691528,"z":0.3125638961791992},"rotation":{"x":0.23509743809700013,"y":-0.004400565754622221,"z":0.000978358555585146,"w":0.9720115661621094},"size":1.7885663509368897,"orthographic":false}