{"cameraMode":{"drawMode":0,"name":"Shaded","section":"Shading Mode"},"sceneLighting":true,"audioPlay":false,"sceneViewState":{"showFog":true,"showMaterialUpdate":false,"showSkybox":true,"showFlares":true,"showImageEffects":true,"showParticleSystems":true},"in2DMode":false,"pivot":{"x":0.2798304557800293,"y":-9.18464469909668,"z":49.902591705322269},"rotation":{"x":-0.020531583577394487,"y":-0.26754283905029299,"z":0.005700548645108938,"w":-0.9633156061172485},"size":3.028827428817749,"orthographic":false}