{"cameraMode":{"drawMode":0,"name":"Shaded","section":"Shading Mode"},"sceneLighting":true,"audioPlay":false,"sceneViewState":{"showFog":true,"showMaterialUpdate":false,"showSkybox":true,"showFlares":true,"showImageEffects":true,"showParticleSystems":true},"in2DMode":false,"pivot":{"x":0.8141041994094849,"y":1.178591012954712,"z":1.531583309173584},"rotation":{"x":-0.003309357911348343,"y":0.012597848661243916,"z":-0.000041109738958766684,"w":-0.9999252557754517},"size":3.424999713897705,"orthographic":false}