{"cameraMode":{"drawMode":0,"name":"Shaded","section":"Shading Mode"},"sceneLighting":false,"audioPlay":false,"sceneViewState":{"showFog":true,"showMaterialUpdate":false,"showSkybox":false,"showFlares":true,"showImageEffects":true,"showParticleSystems":true},"in2DMode":false,"pivot":{"x":0.22266541421413423,"y":0.8454058766365051,"z":1.148427963256836},"rotation":{"x":-0.15906715393066407,"y":0.11287117004394531,"z":-0.018309012055397035,"w":-0.9806237816810608},"size":0.22037234902381898,"orthographic":false}