{"cameraMode":{"drawMode":0,"name":"Shaded","section":"Shading Mode"},"sceneLighting":false,"audioPlay":false,"sceneViewState":{"showFog":true,"showMaterialUpdate":false,"showSkybox":false,"showFlares":true,"showImageEffects":true,"showParticleSystems":true},"in2DMode":false,"pivot":{"x":2.9802322387695315e-8,"y":1.463212013244629,"z":0.3747871518135071},"rotation":{"x":-0.044084977358579639,"y":0.22929707169532777,"z":-0.010397300124168396,"w":-0.9723031520843506},"size":0.3157961964607239,"orthographic":false}