{"cameraMode":{"drawMode":0,"name":"Shaded","section":"Shading Mode"},"sceneLighting":true,"audioPlay":false,"sceneViewState":{"showFog":true,"showMaterialUpdate":false,"showSkybox":true,"showFlares":true,"showImageEffects":true,"showParticleSystems":true},"in2DMode":false,"pivot":{"x":0.07700002193450928,"y":0.281000018119812,"z":2.759999990463257},"rotation":{"x":0.24404193460941316,"y":-0.09877105057239533,"z":0.024808313697576524,"w":0.9644836187362671},"size":1.8141146898269654,"orthographic":false}