{"cameraMode":{"drawMode":0,"name":"Shaded","section":"Shading Mode"},"sceneLighting":false,"audioPlay":false,"sceneViewState":{"showFog":true,"showMaterialUpdate":false,"showSkybox":false,"showFlares":true,"showImageEffects":true,"showParticleSystems":true},"in2DMode":false,"pivot":{"x":0.0,"y":104.23604583740235,"z":-5.206657409667969},"rotation":{"x":-0.24584965407848359,"y":-0.1326858550310135,"z":0.03399430587887764,"w":-0.9595833420753479},"size":242.88278198242188,"orthographic":false}