{"cameraMode":{"drawMode":0,"name":"Shaded","section":"Shading Mode"},"sceneLighting":true,"audioPlay":false,"sceneViewState":{"showFog":true,"showMaterialUpdate":false,"showSkybox":true,"showFlares":true,"showImageEffects":true,"showParticleSystems":true},"in2DMode":false,"pivot":{"x":393.7010498046875,"y":290.4792785644531,"z":0.556915283203125},"rotation":{"x":0.054286278784275058,"y":-0.00001765575143508613,"z":-0.00018496306438464671,"w":0.9985988736152649},"size":196.89297485351563,"orthographic":false}