{"cameraMode":{"drawMode":0,"name":"Shaded","section":"Shading Mode"},"sceneLighting":false,"audioPlay":false,"sceneViewState":{"showFog":true,"showMaterialUpdate":false,"showSkybox":true,"showFlares":true,"showImageEffects":true,"showParticleSystems":true},"in2DMode":false,"pivot":{"x":142.883056640625,"y":-141.44784545898438,"z":-35.6240234375},"rotation":{"x":-0.19648507237434388,"y":-0.20907826721668244,"z":0.04293081909418106,"w":-0.9570004940032959},"size":689.8115234375,"orthographic":false}