{"cameraMode":{"drawMode":0,"name":"Shaded","section":"Shading Mode"},"sceneLighting":true,"audioPlay":false,"sceneViewState":{"showFog":true,"showMaterialUpdate":false,"showSkybox":true,"showFlares":true,"showImageEffects":true,"showParticleSystems":true},"in2DMode":false,"pivot":{"x":-0.15390817821025849,"y":0.9439653754234314,"z":-0.011692926287651062},"rotation":{"x":-0.24818842113018037,"y":-0.003782009705901146,"z":0.0009665845427662134,"w":-0.9687109589576721},"size":1.6030776500701905,"orthographic":false}