{"cameraMode":{"drawMode":0,"name":"Shaded","section":"Shading Mode"},"sceneLighting":true,"audioPlay":false,"sceneViewState":{"showFog":true,"showMaterialUpdate":false,"showSkybox":true,"showFlares":true,"showImageEffects":true,"showParticleSystems":true},"in2DMode":false,"pivot":{"x":2.0880250930786135,"y":0.6903400421142578,"z":2.7663469314575197},"rotation":{"x":0.10287479311227799,"y":0.3037393391132355,"z":-0.033220674842596057,"w":0.946683943271637},"size":0.8441824316978455,"orthographic":false}