{"cameraMode":{"drawMode":0,"name":"Shaded","section":"Shading Mode"},"sceneLighting":false,"audioPlay":false,"sceneViewState":{"showFog":true,"showMaterialUpdate":false,"showSkybox":true,"showFlares":true,"showImageEffects":true,"showParticleSystems":true},"in2DMode":false,"pivot":{"x":0.8664841055870056,"y":1.067694067955017,"z":0.4915289878845215},"rotation":{"x":-0.0059940749779343609,"y":-0.043135132640600207,"z":0.00027003829018212855,"w":-0.999057948589325},"size":3.700881242752075,"orthographic":false}