{"cameraMode":{"drawMode":0,"name":"Shaded","section":"Shading Mode"},"sceneLighting":true,"audioPlay":false,"sceneViewState":{"showFog":true,"showMaterialUpdate":false,"showSkybox":true,"showFlares":true,"showImageEffects":true,"showParticleSystems":true},"in2DMode":false,"pivot":{"x":0.32500433921813967,"y":0.8881188631057739,"z":0.3654731512069702},"rotation":{"x":0.2477351874113083,"y":-0.12028936296701431,"z":0.03089158609509468,"w":0.9608891010284424},"size":1.1885664463043213,"orthographic":false}