{"cameraMode":{"drawMode":0,"name":"Shaded","section":"Shading Mode"},"sceneLighting":false,"audioPlay":false,"sceneViewState":{"showFog":true,"showMaterialUpdate":false,"showSkybox":true,"showFlares":true,"showImageEffects":true,"showParticleSystems":true},"in2DMode":false,"pivot":{"x":-0.7437807321548462,"y":2.576214551925659,"z":4.869509696960449},"rotation":{"x":0.09104573726654053,"y":-0.028679387643933297,"z":-0.0022334593813866379,"w":-0.9955140352249146},"size":4.549857139587402,"orthographic":false}