{"cameraMode":{"drawMode":0,"name":"Shaded","section":"Shading Mode"},"sceneLighting":true,"audioPlay":false,"sceneViewState":{"showFog":true,"showMaterialUpdate":false,"showSkybox":true,"showFlares":true,"showImageEffects":true,"showParticleSystems":true},"in2DMode":false,"pivot":{"x":-0.29219910502433779,"y":-2.1533055305480959,"z":3.9878764152526857},"rotation":{"x":0.31012898683547976,"y":-0.000031536132155451924,"z":-0.00008249380334746093,"w":0.9507596492767334},"size":3.888566255569458,"orthographic":false}