{"cameraMode":{"drawMode":0,"name":"Shaded","section":"Shading Mode"},"sceneLighting":true,"audioPlay":false,"sceneViewState":{"showFog":true,"showMaterialUpdate":false,"showSkybox":true,"showFlares":true,"showImageEffects":true,"showParticleSystems":true},"in2DMode":false,"pivot":{"x":-1.095271348953247,"y":2.256030321121216,"z":-0.11870622634887696},"rotation":{"x":-0.08993347734212876,"y":-0.23524288833141328,"z":-0.02189500816166401,"w":0.967548668384552},"size":2.0909268856048586,"orthographic":false}