{"cameraMode":{"drawMode":0,"name":"Shaded","section":"Shading Mode"},"sceneLighting":true,"audioPlay":false,"sceneViewState":{"showFog":true,"showMaterialUpdate":false,"showSkybox":true,"showFlares":true,"showImageEffects":true,"showParticleSystems":true},"in2DMode":false,"pivot":{"x":3.153416633605957,"y":6.901003837585449,"z":1.3328418731689454},"rotation":{"x":-0.03534267097711563,"y":-0.13748298585414887,"z":-0.004919566214084625,"w":0.9898784756660461},"size":5.0909271240234379,"orthographic":false}