{"cameraMode":{"drawMode":0,"name":"Shaded","section":"Shading Mode"},"sceneLighting":true,"audioPlay":false,"sceneViewState":{"showFog":true,"showMaterialUpdate":false,"showSkybox":true,"showFlares":true,"showImageEffects":true,"showParticleSystems":true},"in2DMode":false,"pivot":{"x":0.7435816526412964,"y":5.172478199005127,"z":6.712729454040527},"rotation":{"x":-0.022182950749993326,"y":-0.02249760366976261,"z":-0.0004985291161574423,"w":0.9995067715644836},"size":6.8232903480529789,"orthographic":false}