{"cameraMode":{"drawMode":0,"name":"Shaded","section":"Shading Mode"},"sceneLighting":true,"audioPlay":false,"sceneViewState":{"showFog":true,"showMaterialUpdate":false,"showSkybox":true,"showFlares":true,"showImageEffects":true,"showParticleSystems":true},"in2DMode":false,"pivot":{"x":-0.10593216866254807,"y":0.24889421463012696,"z":0.030516386032104493},"rotation":{"x":0.2829030752182007,"y":-0.007238504942506552,"z":0.001996781211346388,"w":0.959181010723114},"size":1.1885664463043213,"orthographic":false}