{"cameraMode":{"drawMode":0,"name":"Shaded","section":"Shading Mode"},"sceneLighting":true,"audioPlay":false,"sceneViewState":{"showFog":true,"showMaterialUpdate":false,"showSkybox":true,"showFlares":true,"showImageEffects":true,"showParticleSystems":true},"in2DMode":false,"pivot":{"x":0.12654191255569459,"y":-0.7231118679046631,"z":4.613326549530029},"rotation":{"x":0.2764196991920471,"y":0.11925902962684632,"z":-0.03459075093269348,"w":0.9529841542243958},"size":3.3875858783721926,"orthographic":false}