{"cameraMode":{"drawMode":0,"name":"Shaded","section":"Shading Mode"},"sceneLighting":true,"audioPlay":false,"sceneViewState":{"showFog":true,"showMaterialUpdate":false,"showSkybox":true,"showFlares":true,"showImageEffects":true,"showParticleSystems":true},"in2DMode":false,"pivot":{"x":497.8481140136719,"y":258.1360778808594,"z":1.95343017578125},"rotation":{"x":0.009310523048043251,"y":-0.006009559612721205,"z":-0.00013320929429028183,"w":1.000006079673767},"size":303.640380859375,"orthographic":false}